Quarter,Number of Customers,New Signups,Retention Rate (%),Churn (%),Number of Developers,Avg Response Time (hrs),Feature Request Backlog,Revenue from New Features ($),Revenue Lost from Delays ($)
Q1 2024,800,180,89,11,6,28,10,15000,6000
Q2 2024,950,220,90,10,7,26,11,18000,5500
Q3 2024,1100,250,91,9,7,25,13,21000,5000
Q4 2024,1200,300,92,8,8,24,12,25000,4000
Q1 2025,1350,350,93,7,9,22,14,28000,3500
Q2 2025,1480,320,91,9,11,26,16,31000,6000
Q3 2025,1580,290,90,10,12,28,18,33000,7000
Q4 2025,1650,270,89,11,13,27,20,35500,7500
Q1 2026,1800,340,92,8,14,26,22,37500,8000
Q2 2026,1950,360,93,7,15,25,21,39800,8500